{
	"Medicamento": [
		{
			"id": "1",
			"nome": "Medicamento 1",
			"fabricante": "Fabricante Medicamento 1",
			"preco": "10.00",
			"quantidade": 10
		},
		{
			"id": "2",
			"nome": "Medicamento 2",
			"fabricante": "Fabricante Medicamento 2",
			"preco": "20.00",
			"quantidade": 20
		},
		{
			"id": "3",
			"nome": "Medicamento 3",
			"fabricante": "Fabricante Medicamento 3",
			"preco": "30.00",
			"quantidade": 30
		},
		{
			"id": "4",
			"nome": "Medicamento 4",
			"fabricante": "Fabricante Medicamento 4",
			"preco": "40.00",
			"quantidade": "40"
		},
		{
			"id": "1",
			"nome": "Med 1",
			"fabricante": "Fab 1",
			"preco": "99",
			"quantidade": "1"
		},
		{
			"id": "1",
			"nome": "Med 1",
			"fabricante": "Fab 1",
			"preco": "99",
			"quantidade": "1"
		}
	]
}