{
	"Fornecedor": [
		{
			"id": 1,
			"nome": "Fornecedor 1",
			"endereco": "End Fornecedor 1",
			"telefone": "3592-1111"
		},
		{
			"id": 2,
			"nome": "Fornecedor 2",
			"endereco": "End Fornecedor 2",
			"telefone": "3592-2222"
		},
		{
			"id": "3",
			"nome": "Fornecedor 3",
			"endereco": "End Fornecedor 3",
			"telefone": "3592-3333"
		},
		{
			"id": "4",
			"nome": "Fornecedor 4",
			"endereco": "End Fornecedor 4",
			"telefone": "3592-4444"
		},
		{
			"id": "5",
			"nome": "Fornecedor 5",
			"endereco": "End Fornecedor 5",
			"telefone": "3592-5555"
		}
	]
}