{
    "Medicamento": [
        {
            "id": 1,
            "nome": "Medicamento 1",
            "fabricante": "Fármacia",
            "preco": 99.99,
            "quantidade": 1
        }
    ],
    "Cliente": [
        {
            "id": 1,
            "nome": "Rodrigo",
            "endereco": "Lá",
            "email": "rodrigo@gmail.com",
            "telefone": "9090-9090"
        }
    ],
    "Fornecedor": [
        {
            "id": 1,
            "nome": "Mangalio",
            "endereco": "Não me lembro",
            "telefone": "1567-6754"
        }
    ],
    "Venda":[
        {
            "id": 1,
            "data": "12/05/2024",
            "id_medicamento": 1,
            "id_cliente": 1
        }
    ]
}